{
  "products": [
    {
      "_id": "dress1",
      "image": "/images/p1.jpg",
      "title": "Nike Slim Shirt",
      "description": "This is for all the latest trends, no matter who you are, where you’re from and what you’re up to. Exclusive to ASOS, our universal brand is here for you, and comes in all our fit ranges: ASOS Curve, Tall, Petite and Maternity. Created by us, styled by you.",
      "availableSizes": [
        "X",
        "L",
        "XL",
        "XXL"
      ],
      "price": 900
    },
    {
      "_id": "dress2",
      "image": "/images/p2.jpg",
      "title": "Adidas Fit Shirt",
      "description": "This is for all the latest trends, no matter who you are, where you’re from and what you’re up to. Exclusive to ASOS, our universal brand is here for you, and comes in all our fit ranges: ASOS Curve, Tall, Petite and Maternity. Created by us, styled by you.",
      "availableSizes": [
        "X",
        "M",
        "L",
        "XS"
      ],
      "price": 856
    },
    {
      "_id": "dress3",
      "image": "/images/p3.jpg",
      "title": "Lacoste Free Shirt",
      "description": "This is for all the latest trends, no matter who you are, where you’re from and what you’re up to. Exclusive to ASOS, our universal brand is here for you, and comes in all our fit ranges: ASOS Curve, Tall, Petite and Maternity. Created by us, styled by you.",
      "availableSizes": [
        "X",
        "M",
        "L",
        "S"
      ],
      "price": 490
    },
    {
      "_id": "dress4",
      "image": "/images/p4.jpg",
      "title": "Nike Slim Pant",
      "description": "This is for all the latest trends, no matter who you are, where you’re from and what you’re up to. Exclusive to ASOS, our universal brand is here for you, and comes in all our fit ranges: ASOS Curve, Tall, Petite and Maternity. Created by us, styled by you.",
      "availableSizes": [
        "XL"
      ],
      "price": 250
    },
    {
      "_id": "dress5",
      "image": "/images/p5.jpg",
      "title": "Puma Slim Pant",
      "description": "This is for all the latest trends, no matter who you are, where you’re from and what you’re up to. Exclusive to ASOS, our universal brand is here for you, and comes in all our fit ranges: ASOS Curve, Tall, Petite and Maternity. Created by us, styled by you.",
      "availableSizes": [
        "X",
        "L",
        "XL"
      ],
      "price": 210
    },
    {
      "_id": "p6",
      "image": "/images/p6.jpg",
      "title": "Adidas Fit Pant",
      "description": "This is for all the latest trends, no matter who you are, where you’re from and what you’re up to. Exclusive to ASOS, our universal brand is here for you, and comes in all our fit ranges: ASOS Curve, Tall, Petite and Maternity. Created by us, styled by you.",
      "availableSizes": [
        "XL",
        "XXL"
      ],
      "price": 670
    }
  ]
}